[
{"state_name":"Andaman and Nicobar Islands", "state_code":"1", "cities":[
      {"city_name":"Port Blair", "state_code":"1", "city_code":"1"}
    ]},

    {"state_name":"Haryana", "state_code":"2", "cities": [
      {"city_name":"Faridabad",  "state_code": "2"},
      {"city_name":"Gurgaon", "state_code": "2"},
      {"city_name":"Hisar", "state_code": "2"},
      {"city_name":"Rohtak", "state_code": "2"},
      {"city_name":"Panipat", "state_code": "2"},
      {"city_name":"Karnal", "state_code": "2"},
      {"city_name":"Sonipat", "state_code": "2"},
      {"city_name":"Yamunanagar",  "state_code": "2"},
      {"city_name":"Panchkula", "state_code": "2"},
      {"city_name":"Bhiwani", "state_code": "2"},
      {"city_name":"Bahadurgarh", "state_code": "2"},
      {"city_name":"Jind", "state_code": "2"},
      {"city_name":"Sirsa", "state_code": "2"},
      {"city_name":"Thanesar", "state_code": "2"},
      {"city_name":"Kaithal", "state_code": "2"},
      {"city_name":"Palwal", "state_code": "2"},
      {"city_name":"Rewari", "state_code": "2"},
      {"city_name":"Hansi", "state_code": "2"},
      {"city_name":"Narnaul", "state_code": "2"},
      {"city_name":"Fatehabad", "state_code": "2"},
      {"city_name":"Gohana", "state_code": "2"},
      {"city_name":"Tohana", "state_code": "2"},
      {"city_name":"Narwana", "state_code": "2"},
      {"city_name":"Mandi Dabwali", "state_code": "2"},
      {"city_name":"Charkhi Dadri", "state_code": "2"},
      {"city_name":"Shahbad", "state_code": "2"},
      {"city_name":"Pehowa", "state_code": "2"},
      {"city_name":"Samalkha", "state_code": "2"},
      {"city_name":"Pinjore", "state_code": "2"},
      {"city_name":"Ladwa", "state_code": "2"},
      {"city_name":"Sohna", "state_code": "2"},
      {"city_name":"Safidon", "state_code": "2"},
      {"city_name":"Taraori", "state_code": "2"},
      {"city_name":"Mahendragarh", "state_code": "2"},
      {"city_name":"Ratia", "state_code": "2"},
      {"city_name":"Rania", "state_code": "2"},
      {"city_name":"Sarsod", "state_code": "2"}
    ]},

    {"state_name":"Tamil Nadu", "state_code":"3", "cities": [
      {"city_name":"Chennai", "state_code":"3"},
      {"city_name":"Coimbatore", "state_code":"3"},
      {"city_name":"Madurai", "state_code":"3"},
      {"city_name":"Tiruchirappalli", "state_code":"3"},
      {"city_name":"Salem", "state_code":"3"},
      {"city_name":"Tirunelveli", "state_code":"3"},
      {"city_name":"Tiruppur",  "state_code":"3"},
      {"city_name":"Ranipet", "state_code":"3"},
      {"city_name":"Nagercoil", "state_code":"3"},
      {"city_name":"Thanjavur", "state_code":"3"},
      {"city_name":"Vellore", "state_code":"3"},
      {"city_name":"Kancheepuram", "state_code":"3"},
      {"city_name":"Erode", "state_code":"3"},
      {"city_name":"Tiruvannamalai", "state_code":"3"},
      {"city_name":"Pollachi", "state_code":"3"},
      {"city_name":"Rajapalayam", "state_code":"3"},
      {"city_name":"Sivakasi", "state_code":"3"},
      {"city_name":"Pudukkottai", "state_code":"3"},
      {"city_name":"Neyveli (TS)", "state_code":"3"},
      {"city_name":"Nagapattinam", "state_code":"3"},
      {"city_name":"Viluppuram", "state_code":"3"},
      {"city_name":"Tiruchengode", "state_code":"3"},
      {"city_name":"Vaniyambadi", "state_code":"3"},
      {"city_name":"Theni Allinagaram","state_code":"3"},
      {"city_name":"Udhagamandalam","state_code":"3"},
      {"city_name":"Aruppukkottai","state_code":"3"},
      {"city_name":"Paramakudi","state_code":"3"},
      {"city_name":"Arakkonam","state_code":"3"},
      {"city_name":"Virudhachalam","state_code":"3"},
      {"city_name":"Srivilliputhur","state_code":"3"},
      {"city_name":"Tindivanam","state_code":"3"},
      {"city_name":"Virudhunagar","state_code":"3"},
      {"city_name":"Karur","state_code":"3"},
      {"city_name":"Valparai","state_code":"3"},
      {"city_name":"Sankarankovil","state_code":"3"},
      {"city_name":"Tenkasi","state_code":"3"},
      {"city_name":"Palani","state_code":"3"},
      {"city_name":"Pattukkottai","state_code":"3"},
      {"city_name":"Tirupathur","state_code":"3"},
      {"city_name":"Ramanathapuram","state_code":"3"},
      {"city_name":"Udumalaipettai","state_code":"3"},
      {"city_name":"Gobichettipalayam","state_code":"3"},
      {"city_name":"Thiruvarur","state_code":"3"},
      {"city_name":"Thiruvallur","state_code":"3"},
      {"city_name":"Panruti","state_code":"3"},
      {"city_name":"Namakkal","state_code":"3"},
      {"city_name":"Thirumangalam","state_code":"3"},
      {"city_name":"Vikramasingapuram","state_code":"3"},
      {"city_name":"Nellikuppam","state_code":"3"},
      {"city_name":"Rasipuram","state_code":"3"},
      {"city_name":"Tiruttani","state_code":"3"},
      {"city_name":"Nandivaram-Guduvancheri",  "state_code":"3"},
      {"city_name":"Periyakulam", "state_code":"3"},
      {"city_name":"Pernampattu", "state_code":"3"},
      {"city_name":"Vellakoil", "state_code":"3"},
      {"city_name":"Sivaganga", "state_code":"3"},
      {"city_name":"Vadalur", "state_code":"3"},
      {"city_name":"Rameshwaram", "state_code":"3"},
      {"city_name":"Tiruvethipuram", "state_code":"3"},
      {"city_name":"Perambalur", "state_code":"3"},
      {"city_name":"Usilampatti", "state_code":"3"},
      {"city_name":"Vedaranyam", "state_code":"3"},
      {"city_name":"Sathyamangalam", "state_code":"3"},
      {"city_name":"Puliyankudi", "state_code":"3"},
      {"city_name":"Nanjikottai", "state_code":"3"},
      {"city_name":"Thuraiyur", "state_code":"3"},
      {"city_name":"Sirkali", "state_code":"3"},
      {"city_name":"Tiruchendur", "state_code":"3"},
      {"city_name":"Periyasemur", "state_code":"3"},
      {"city_name":"Sattur", "state_code":"3"},
      {"city_name":"Vandavasi", "state_code":"3"},
      {"city_name":"Tharamangalam", "state_code":"3"},
      {"city_name":"Tirukkoyilur", "state_code":"3"},
      {"city_name":"Oddanchatram", "state_code":"3"},
      {"city_name":"Palladam", "state_code":"3"},
      {"city_name":"Vadakkuvalliyur", "state_code":"3"},
      {"city_name":"Tirukalukundram", "state_code":"3"},
      {"city_name":"Uthamapalayam", "state_code":"3"},
      {"city_name":"Surandai", "state_code":"3"},
      {"city_name":"Sankari", "state_code":"3"},
      {"city_name":"Shenkottai", "state_code":"3"},
      {"city_name":"Vadipatti", "state_code":"3"},
      {"city_name":"Sholingur", "state_code":"3"},
      {"city_name":"Tirupathur", "state_code":"3"},
      {"city_name":"Manachanallur", "state_code":"3"},
      {"city_name":"Viswanatham", "state_code":"3"},
      {"city_name":"Polur", "state_code":"3"},
      {"city_name":"Panagudi", "state_code":"3"},
      {"city_name":"Uthiramerur", "state_code":"3"},
      {"city_name":"Thiruthuraipoondi", "state_code":"3"},
      {"city_name":"Pallapatti", "state_code":"3"},
      {"city_name":"Ponneri", "state_code":"3"},
      {"city_name":"Lalgudi", "state_code":"3"},
      {"city_name":"Natham", "state_code":"3"},
      {"city_name":"Unnamalaikadai", "state_code":"3"},
      {"city_name":"P.N.Patti", "state_code":"3"},
      {"city_name":"Tharangambadi", "state_code":"3"},
      {"city_name":"Tittakudi", "state_code":"3"},
      {"city_name":"Pacode", "state_code":"3"},
      {"city_name":"O' Valley", "state_code":"3"},
      {"city_name":"Suriyampalayam", "state_code":"3"},
      {"city_name":"Sholavandan", "state_code":"3"},
      {"city_name":"Thammampatti", "state_code":"3"},
      {"city_name":"Namagiripettai", "state_code":"3"},
      {"city_name":"Peravurani", "state_code":"3"},
      {"city_name":"Parangipettai", "state_code":"3"},
      {"city_name":"Pudupattinam", "state_code":"3"},
      {"city_name":"Pallikonda", "state_code":"3"},
      {"city_name":"Sivagiri", "state_code":"3"},
      {"city_name":"Punjaipugalur", "state_code":"3"},
      {"city_name":"Padmanabhapuram", "state_code":"3"},
      {"city_name":"Thirupuvanam", "state_code":"3"}
    ]},

    {"state_name":"Madhya Pradesh", "state_code":"4", "cities" : [
      {"city_name":"Indore", "state_code":"4"},
      {"city_name":"Bhopal", "state_code":"4"},
      {"city_name":"Jabalpur", "state_code":"4"},
      {"city_name":"Gwalior", "state_code":"4"},
      {"city_name":"Ujjain", "state_code":"4"},
      {"city_name":"Sagar", "state_code":"4"},
      {"city_name":"Ratlam", "state_code":"4"},
      {"city_name":"Satna", "state_code":"4"},
      {"city_name":"Murwara (Katni)", "state_code":"4"},
      {"city_name":"Morena", "state_code":"4"},
      {"city_name":"Singrauli", "state_code":"4"},
      {"city_name":"Rewa", "state_code":"4"},
      {"city_name":"Vidisha", "state_code":"4"},
      {"city_name":"Ganjbasoda", "state_code":"4"},
      {"city_name":"Shivpuri", "state_code":"4"},
      {"city_name":"Mandsaur", "state_code":"4"},
      {"city_name":"Neemuch", "state_code":"4"},
      {"city_name":"Nagda", "state_code":"4"},
      {"city_name":"Itarsi", "state_code":"4"},
      {"city_name":"Sarni", "state_code":"4"},
      {"city_name":"Sehore", "state_code":"4"},
      {"city_name":"Mhow Cantonment", "state_code":"4"},
      {"city_name":"Seoni", "state_code":"4"},
      {"city_name":"Balaghat", "state_code":"4"},
      {"city_name":"Ashok Nagar", "state_code":"4"},
      {"city_name":"Tikamgarh", "state_code":"4"},
      {"city_name":"Shahdol", "state_code":"4"},
      {"city_name":"Pithampur", "state_code":"4"},
      {"city_name":"Alirajpur", "state_code":"4"},
      {"city_name":"Mandla", "state_code":"4"},
      {"city_name":"Sheopur", "state_code":"4"},
      {"city_name":"Shajapur", "state_code":"4"},
      {"city_name":"Panna", "state_code":"4"},
      {"city_name":"Raghogarh-Vijaypur", "state_code":"4"},
      {"city_name":"Sendhwa", "state_code":"4"},
      {"city_name":"Sidhi", "state_code":"4"},
      {"city_name":"Pipariya", "state_code":"4"},
      {"city_name":"Shujalpur", "state_code":"4"},
      {"city_name":"Sironj", "state_code":"4"},
      {"city_name":"Pandhurna", "state_code":"4"},
      {"city_name":"Nowgong", "state_code":"4"},
      {"city_name":"Mandideep", "state_code":"4"},
      {"city_name":"Sihora", "state_code":"4"},
      {"city_name":"Raisen", "state_code":"4"},
      {"city_name":"Lahar", "state_code":"4"},
      {"city_name":"Maihar", "state_code":"4"},
      {"city_name":"Sanawad", "state_code":"4"},
      {"city_name":"Sabalgarh", "state_code":"4"},
      {"city_name":"Umaria", "state_code":"4"},
      {"city_name":"Porsa", "state_code":"4"},
      {"city_name":"Narsinghgarh", "state_code":"4"},
      {"city_name":"Malaj Khand", "state_code":"4"},
      {"city_name":"Sarangpur", "state_code":"4"},
      {"city_name":"Mundi", "state_code":"4"},
      {"city_name":"Nepanagar", "state_code":"4"},
      {"city_name":"Pasan", "state_code":"4"},
      {"city_name":"Mahidpur", "state_code":"4"},
      {"city_name":"Seoni-Malwa", "state_code":"4"},
      {"city_name":"Rehli", "state_code":"4"},
      {"city_name":"Manawar", "state_code":"4"},
      {"city_name":"Rahatgarh", "state_code":"4"},
      {"city_name":"Panagar", "state_code":"4"},
      {"city_name":"Wara Seoni", "state_code":"4"},
      {"city_name":"Tarana", "state_code":"4"},
      {"city_name":"Sausar", "state_code":"4"},
      {"city_name":"Rajgarh", "state_code":"4"},
      {"city_name":"Niwari", "state_code":"4"},
      {"city_name":"Mauganj", "state_code":"4"},
      {"city_name":"Manasa", "state_code":"4"},
      {"city_name":"Nainpur", "state_code":"4"},
      {"city_name":"Prithvipur", "state_code":"4"},
      {"city_name":"Sohagpur", "state_code":"4"},
      {"city_name":"Nowrozabad (Khodargama)", "state_code":"4"},
      {"city_name":"Shamgarh", "state_code":"4"},
      {"city_name":"Maharajpur", "state_code":"4"},
      {"city_name":"Multai", "state_code":"4"},
      {"city_name":"Pali", "state_code":"4"},
      {"city_name":"Pachore", "state_code":"4"},
      {"city_name":"Rau", "state_code":"4"},
      {"city_name":"Mhowgaon", "state_code":"4"},
      {"city_name":"Vijaypur", "state_code":"4"},
      {"city_name":"Narsinghgarh", "state_code":"4"}
    ]},

    {"state_name":"Jharkhand", "state_code":"5", "cities" : [
      {"city_name":"Dhanbad", "state_code":"5"},
      {"city_name":"Ranchi", "state_code":"5"},
      {"city_name":"Jamshedpur", "state_code":"5"},
      {"city_name":"Bokaro Steel City", "state_code":"5"},
      {"city_name":"Deoghar", "state_code":"5"},
      {"city_name":"Phusro", "state_code":"5"},
      {"city_name":"Adityapur", "state_code":"5"},
      {"city_name":"Hazaribag", "state_code":"5"},
      {"city_name":"Giridih", "state_code":"5"},
      {"city_name":"Ramgarh", "state_code":"5"},
      {"city_name":"Jhumri Tilaiya", "state_code":"5"},
      {"city_name":"Saunda", "state_code":"5"},
      {"city_name":"Sahibganj", "state_code":"5"},
      {"city_name":"Medininagar (Daltonganj)", "state_code":"5"},
      {"city_name":"Chaibasa", "state_code":"5"},
      {"city_name":"Chatra", "state_code":"5"},
      {"city_name":"Gumia", "state_code":"5"},
      {"city_name":"Dumka", "state_code":"5"},
      {"city_name":"Madhupur", "state_code":"5"},
      {"city_name":"Chirkunda", "state_code":"5"},
      {"city_name":"Pakaur", "state_code":"5"},
      {"city_name":"Simdega", "state_code":"5"},
      {"city_name":"Musabani", "state_code":"5"},
      {"city_name":"Mihijam", "state_code":"5"},
      {"city_name":"Patratu", "state_code":"5"},
      {"city_name":"Lohardaga", "state_code":"5"},
      {"city_name":"Tenu dam-cum-Kathhara", "state_code":"5"}
    ]},

    {"state_name":"Mizoram", "state_code":"6", "cities": [
      {"city_name":"Aizawl", "city_code":"6"},
      {"city_name":"Lunglei",  "city_code":"6"},
      {"city_name":"Saiha", "city_code":"6"}
    ]}
  ] 